,from,to,from_xy,to_xy,walking,driving,lat,long
0,0,1,"(11.255693199999998, 43.772858299999996)","(11.2564189, 43.771534100000004)",126,291.1,43.772858299999996,11.255693199999998
1,0,2,"(11.255693199999998, 43.772858299999996)","(11.250781, 43.7700828)",467.6,589.8,43.772858299999996,11.255693199999998
2,0,3,"(11.255693199999998, 43.772858299999996)","(11.2534118, 43.7769185)",637.2,345.4,43.772858299999996,11.255693199999998
3,0,4,"(11.255693199999998, 43.772858299999996)","(11.255579699999998, 43.763469)",926.3,814.7,43.772858299999996,11.255693199999998
4,0,5,"(11.255693199999998, 43.772858299999996)","(11.2553108, 43.7677856)",449,439.8,43.772858299999996,11.255693199999998
5,0,6,"(11.255693199999998, 43.772858299999996)","(11.255431699999999, 43.7708275)",171.3,98.2,43.772858299999996,11.255693199999998
6,0,7,"(11.255693199999998, 43.772858299999996)","(11.255705099999998, 43.772806)",0,0,43.772858299999996,11.255693199999998
7,0,8,"(11.255693199999998, 43.772858299999996)","(11.2531435, 43.767925)",466.9,469.7,43.772858299999996,11.255693199999998
8,0,9,"(11.255693199999998, 43.772858299999996)","(11.2541477, 43.7681911)",465.9,458.7,43.772858299999996,11.255693199999998
9,0,10,"(11.255693199999998, 43.772858299999996)","(11.250670199999998, 43.767161200000004)",666.1,657.5,43.772858299999996,11.255693199999998
10,0,11,"(11.255693199999998, 43.772858299999996)","(11.2554649, 43.7730912)",635.3,0,43.772858299999996,11.255693199999998
11,0,12,"(11.255693199999998, 43.772858299999996)","(11.24938, 43.77463)",519.4,522.4,43.772858299999996,11.255693199999998
12,0,13,"(11.255693199999998, 43.772858299999996)","(11.26282, 43.76298)",1173.8,712.7,43.772858299999996,11.255693199999998
13,0,14,"(11.255693199999998, 43.772858299999996)","(11.25433, 43.77003)",280.5,156.5,43.772858299999996,11.255693199999998
14,0,15,"(11.255693199999998, 43.772858299999996)","(11.255230000000001, 43.77313)",635.3,0,43.772858299999996,11.255693199999998
15,0,16,"(11.255693199999998, 43.772858299999996)","(11.25564, 43.76968)",335.2,130.7,43.772858299999996,11.255693199999998
16,0,17,"(11.255693199999998, 43.772858299999996)","(11.248335, 43.762288)",1265.7,931.2,43.772858299999996,11.255693199999998
17,0,18,"(11.255693199999998, 43.772858299999996)","(11.264966000000001, 43.762705)",1430.8,696.2,43.772858299999996,11.255693199999998
18,0,19,"(11.255693199999998, 43.772858299999996)","(11.255056, 43.773106)",118.5,0,43.772858299999996,11.255693199999998
19,0,20,"(11.255693199999998, 43.772858299999996)","(11.256192, 43.769292)",349.3,294.2,43.772858299999996,11.255693199999998
20,0,21,"(11.255693199999998, 43.772858299999996)","(11.251878999999999, 43.777276)",586.6,376.1,43.772858299999996,11.255693199999998
21,0,22,"(11.255693199999998, 43.772858299999996)","(11.258814, 43.776761)",702.8,301.6,43.772858299999996,11.255693199999998
22,0,23,"(11.255693199999998, 43.772858299999996)","(11.264658, 43.77151)",577,327.7,43.772858299999996,11.255693199999998
23,0,-1,"(11.255693199999998, 43.772858299999996)","(11.247123, 43.772557)",633.3,753.5,43.772858299999996,11.255693199999998
24,1,0,"(11.2564189, 43.771534100000004)","(11.255693199999998, 43.772858299999996)",126,96.8,43.771534100000004,11.2564189
25,1,2,"(11.2564189, 43.771534100000004)","(11.250781, 43.7700828)",418.7,579.1,43.771534100000004,11.2564189
26,1,3,"(11.2564189, 43.771534100000004)","(11.2534118, 43.7769185)",699.6,398,43.771534100000004,11.2564189
27,1,4,"(11.2564189, 43.771534100000004)","(11.255579699999998, 43.763469)",873.8,804,43.771534100000004,11.2564189
28,1,5,"(11.2564189, 43.771534100000004)","(11.2553108, 43.7677856)",372.8,429.1,43.771534100000004,11.2564189
29,1,6,"(11.2564189, 43.771534100000004)","(11.255431699999999, 43.7708275)",104.2,87.5,43.771534100000004,11.2564189
30,1,7,"(11.2564189, 43.771534100000004)","(11.255705099999998, 43.772806)",126,96.8,43.771534100000004,11.2564189
31,1,8,"(11.2564189, 43.771534100000004)","(11.2531435, 43.767925)",414.4,459,43.771534100000004,11.2564189
32,1,9,"(11.2564189, 43.771534100000004)","(11.2541477, 43.7681911)",413.4,448,43.771534100000004,11.2564189
33,1,10,"(11.2564189, 43.771534100000004)","(11.250670199999998, 43.767161200000004)",613.6,646.8,43.771534100000004,11.2564189
34,1,11,"(11.2564189, 43.771534100000004)","(11.2554649, 43.7730912)",650,96.8,43.771534100000004,11.2564189
35,1,12,"(11.2564189, 43.771534100000004)","(11.24938, 43.77463)",581.2,575,43.771534100000004,11.2564189
36,1,13,"(11.2564189, 43.771534100000004)","(11.26282, 43.76298)",1051.9,702,43.771534100000004,11.2564189
37,1,14,"(11.2564189, 43.771534100000004)","(11.25433, 43.77003)",228,145.8,43.771534100000004,11.2564189
38,1,15,"(11.2564189, 43.771534100000004)","(11.255230000000001, 43.77313)",650,96.8,43.771534100000004,11.2564189
39,1,16,"(11.2564189, 43.771534100000004)","(11.25564, 43.76968)",218.8,120,43.771534100000004,11.2564189
40,1,17,"(11.2564189, 43.771534100000004)","(11.248335, 43.762288)",1213.2,920.5,43.771534100000004,11.2564189
41,1,18,"(11.2564189, 43.771534100000004)","(11.264966000000001, 43.762705)",1308.9,685.5,43.771534100000004,11.2564189
42,1,19,"(11.2564189, 43.771534100000004)","(11.255056, 43.773106)",180.9,96.8,43.771534100000004,11.2564189
43,1,20,"(11.2564189, 43.771534100000004)","(11.256192, 43.769292)",236.4,283.5,43.771534100000004,11.2564189
44,1,21,"(11.2564189, 43.771534100000004)","(11.251878999999999, 43.777276)",649,428.7,43.771534100000004,11.2564189
45,1,22,"(11.2564189, 43.771534100000004)","(11.258814, 43.776761)",717.5,354.2,43.771534100000004,11.2564189
46,1,23,"(11.2564189, 43.771534100000004)","(11.264658, 43.77151)",477,317,43.771534100000004,11.2564189
47,1,-1,"(11.2564189, 43.771534100000004)","(11.247123, 43.772557)",600.6,742.8,43.771534100000004,11.2564189
48,2,0,"(11.250781, 43.7700828)","(11.255693199999998, 43.772858299999996)",467.6,310.8,43.7700828,11.250781
49,2,1,"(11.250781, 43.7700828)","(11.2564189, 43.771534100000004)",418.7,550.8,43.7700828,11.250781
50,2,3,"(11.250781, 43.7700828)","(11.2534118, 43.7769185)",731.8,605.1,43.7700828,11.250781
51,2,4,"(11.250781, 43.7700828)","(11.255579699999998, 43.763469)",735.9,1335.3,43.7700828,11.250781
52,2,5,"(11.250781, 43.7700828)","(11.2553108, 43.7677856)",349.4,706.9,43.7700828,11.250781
53,2,6,"(11.250781, 43.7700828)","(11.255431699999999, 43.7708275)",323,365.3,43.7700828,11.250781
54,2,7,"(11.250781, 43.7700828)","(11.255705099999998, 43.772806)",467.6,310.8,43.7700828,11.250781
55,2,8,"(11.250781, 43.7700828)","(11.2531435, 43.767925)",276.5,736.8,43.7700828,11.250781
56,2,9,"(11.250781, 43.7700828)","(11.2541477, 43.7681911)",275.5,725.8,43.7700828,11.250781
57,2,10,"(11.250781, 43.7700828)","(11.250670199999998, 43.767161200000004)",261.2,494.1,43.7700828,11.250781
58,2,11,"(11.250781, 43.7700828)","(11.2554649, 43.7730912)",789.7,310.8,43.7700828,11.250781
59,2,12,"(11.250781, 43.7700828)","(11.24938, 43.77463)",483.1,606.9,43.7700828,11.250781
60,2,13,"(11.250781, 43.7700828)","(11.26282, 43.76298)",1077.8,1148.2,43.7700828,11.250781
61,2,14,"(11.250781, 43.7700828)","(11.25433, 43.77003)",228.6,423.6,43.7700828,11.250781
62,2,15,"(11.250781, 43.7700828)","(11.255230000000001, 43.77313)",789.7,310.8,43.7700828,11.250781
63,2,16,"(11.250781, 43.7700828)","(11.25564, 43.76968)",370.6,397.8,43.7700828,11.250781
64,2,17,"(11.250781, 43.7700828)","(11.248335, 43.762288)",862.1,767.8,43.7700828,11.250781
65,2,18,"(11.250781, 43.7700828)","(11.264966000000001, 43.762705)",1334.8,1095.3,43.7700828,11.250781
66,2,19,"(11.250781, 43.7700828)","(11.255056, 43.773106)",474.7,310.8,43.7700828,11.250781
67,2,20,"(11.250781, 43.7700828)","(11.256192, 43.769292)",353,561.3,43.7700828,11.250781
68,2,21,"(11.250781, 43.7700828)","(11.251878999999999, 43.777276)",681.2,501.1,43.7700828,11.250781
69,2,22,"(11.250781, 43.7700828)","(11.258814, 43.776761)",962.2,561.3,43.7700828,11.250781
70,2,23,"(11.250781, 43.7700828)","(11.264658, 43.77151)",890.3,594.8,43.7700828,11.250781
71,2,-1,"(11.250781, 43.7700828)","(11.247123, 43.772557)",414.2,590.1,43.7700828,11.250781
72,3,0,"(11.2534118, 43.7769185)","(11.255693199999998, 43.772858299999996)",637.2,504.3,43.7769185,11.2534118
73,3,1,"(11.2534118, 43.7769185)","(11.2564189, 43.771534100000004)",699.6,744.3,43.7769185,11.2534118
74,3,2,"(11.2534118, 43.7769185)","(11.250781, 43.7700828)",731.8,551.2,43.7769185,11.2534118
75,3,4,"(11.2534118, 43.7769185)","(11.255579699999998, 43.763469)",1349.6,1199.5,43.7769185,11.2534118
76,3,5,"(11.2534118, 43.7769185)","(11.2553108, 43.7677856)",950.8,981.2,43.7769185,11.2534118
77,3,6,"(11.2534118, 43.7769185)","(11.255431699999999, 43.7708275)",693.4,558.8,43.7769185,11.2534118
78,3,7,"(11.2534118, 43.7769185)","(11.255705099999998, 43.772806)",637.2,504.3,43.7769185,11.2534118
79,3,8,"(11.2534118, 43.7769185)","(11.2531435, 43.767925)",890.2,1011.1,43.7769185,11.2534118
80,3,9,"(11.2534118, 43.7769185)","(11.2541477, 43.7681911)",889.2,1000.1,43.7769185,11.2534118
81,3,10,"(11.2534118, 43.7769185)","(11.250670199999998, 43.767161200000004)",993,618.9,43.7769185,11.2534118
82,3,11,"(11.2534118, 43.7769185)","(11.2554649, 43.7730912)",409.5,504.3,43.7769185,11.2534118
83,3,12,"(11.2534118, 43.7769185)","(11.24938, 43.77463)",376,185.2,43.7769185,11.2534118
84,3,13,"(11.2534118, 43.7769185)","(11.26282, 43.76298)",1675.6,1273,43.7769185,11.2534118
85,3,14,"(11.2534118, 43.7769185)","(11.25433, 43.77003)",703.8,617.1,43.7769185,11.2534118
86,3,15,"(11.2534118, 43.7769185)","(11.255230000000001, 43.77313)",409.5,504.3,43.7769185,11.2534118
87,3,16,"(11.2534118, 43.7769185)","(11.25564, 43.76968)",868.7,591.3,43.7769185,11.2534118
88,3,17,"(11.2534118, 43.7769185)","(11.248335, 43.762288)",1593.9,892.6,43.7769185,11.2534118
89,3,18,"(11.2534118, 43.7769185)","(11.264966000000001, 43.762705)",1932.6,1081,43.7769185,11.2534118
90,3,19,"(11.2534118, 43.7769185)","(11.255056, 43.773106)",644.3,504.3,43.7769185,11.2534118
91,3,20,"(11.2534118, 43.7769185)","(11.256192, 43.769292)",851.1,754.8,43.7769185,11.2534118
92,3,21,"(11.2534118, 43.7769185)","(11.251878999999999, 43.777276)",116.7,38.9,43.7769185,11.2534118
93,3,22,"(11.2534118, 43.7769185)","(11.258814, 43.776761)",408.1,668.3,43.7769185,11.2534118
94,3,23,"(11.2534118, 43.7769185)","(11.264658, 43.77151)",908.9,876.5,43.7769185,11.2534118
95,3,-1,"(11.2534118, 43.7769185)","(11.247123, 43.772557)",725.4,714.9,43.7769185,11.2534118
96,4,0,"(11.255579699999998, 43.763469)","(11.255693199999998, 43.772858299999996)",926.3,535.9,43.763469,11.255579699999998
97,4,1,"(11.255579699999998, 43.763469)","(11.2564189, 43.771534100000004)",873.8,518.8,43.763469,11.255579699999998
98,4,2,"(11.255579699999998, 43.763469)","(11.250781, 43.7700828)",735.9,689.9,43.763469,11.255579699999998
99,4,3,"(11.255579699999998, 43.763469)","(11.2534118, 43.7769185)",1349.6,495.9,43.763469,11.255579699999998
100,4,5,"(11.255579699999998, 43.763469)","(11.2553108, 43.7677856)",624.9,206.5,43.763469,11.255579699999998
101,4,6,"(11.255579699999998, 43.763469)","(11.255431699999999, 43.7708275)",769.6,454.3,43.763469,11.255579699999998
102,4,7,"(11.255579699999998, 43.763469)","(11.255705099999998, 43.772806)",926.3,535.9,43.763469,11.255579699999998
103,4,8,"(11.255579699999998, 43.763469)","(11.2531435, 43.767925)",459.4,236.4,43.763469,11.255579699999998
104,4,9,"(11.255579699999998, 43.763469)","(11.2541477, 43.7681911)",547.6,225.4,43.763469,11.255579699999998
105,4,10,"(11.255579699999998, 43.763469)","(11.250670199999998, 43.767161200000004)",528.1,434.7,43.763469,11.255579699999998
106,4,11,"(11.255579699999998, 43.763469)","(11.2554649, 43.7730912)",1407.5,535.9,43.763469,11.255579699999998
107,4,12,"(11.255579699999998, 43.763469)","(11.24938, 43.77463)",1194.2,672.9,43.763469,11.255579699999998
108,4,13,"(11.255579699999998, 43.763469)","(11.26282, 43.76298)",605.6,482.4,43.763469,11.255579699999998
109,4,14,"(11.255579699999998, 43.763469)","(11.25433, 43.77003)",645.8,447.8,43.763469,11.255579699999998
110,4,15,"(11.255579699999998, 43.763469)","(11.255230000000001, 43.77313)",1407.5,535.9,43.763469,11.255579699999998
111,4,16,"(11.255579699999998, 43.763469)","(11.25564, 43.76968)",741.2,429.2,43.763469,11.255579699999998
112,4,17,"(11.255579699999998, 43.763469)","(11.248335, 43.762288)",893.2,802.7,43.763469,11.255579699999998
113,4,18,"(11.255579699999998, 43.763469)","(11.264966000000001, 43.762705)",862.6,465.9,43.763469,11.255579699999998
114,4,19,"(11.255579699999998, 43.763469)","(11.255056, 43.773106)",933.4,535.9,43.763469,11.255579699999998
115,4,20,"(11.255579699999998, 43.763469)","(11.256192, 43.769292)",723.6,394.3,43.763469,11.255579699999998
116,4,21,"(11.255579699999998, 43.763469)","(11.251878999999999, 43.777276)",1299,526.6,43.763469,11.255579699999998
117,4,22,"(11.255579699999998, 43.763469)","(11.258814, 43.776761)",1580,452.1,43.763469,11.255579699999998
118,4,23,"(11.255579699999998, 43.763469)","(11.264658, 43.77151)",1096.4,342.9,43.763469,11.255579699999998
119,4,-1,"(11.255579699999998, 43.763469)","(11.247123, 43.772557)",1085.8,744.4,43.763469,11.255579699999998
120,5,0,"(11.2553108, 43.7677856)","(11.255693199999998, 43.772858299999996)",449,593.2,43.7677856,11.2553108
121,5,1,"(11.2553108, 43.7677856)","(11.2564189, 43.771534100000004)",372.8,833.2,43.7677856,11.2553108
122,5,2,"(11.2553108, 43.7677856)","(11.250781, 43.7700828)",349.4,483.4,43.7677856,11.2553108
123,5,3,"(11.2553108, 43.7677856)","(11.2534118, 43.7769185)",950.8,1102.6,43.7677856,11.2553108
124,5,4,"(11.2553108, 43.7677856)","(11.255579699999998, 43.763469)",624.9,1163.7,43.7677856,11.2553108
125,5,6,"(11.2553108, 43.7677856)","(11.255431699999999, 43.7708275)",292.3,647.7,43.7677856,11.2553108
126,5,7,"(11.2553108, 43.7677856)","(11.255705099999998, 43.772806)",449,593.2,43.7677856,11.2553108
127,5,8,"(11.2553108, 43.7677856)","(11.2531435, 43.767925)",165.5,29.9,43.7677856,11.2553108
128,5,9,"(11.2553108, 43.7677856)","(11.2541477, 43.7681911)",77.3,18.9,43.7677856,11.2553108
129,5,10,"(11.2553108, 43.7677856)","(11.250670199999998, 43.767161200000004)",364.7,228.2,43.7677856,11.2553108
130,5,11,"(11.2553108, 43.7677856)","(11.2554649, 43.7730912)",966.4,593.2,43.7677856,11.2553108
131,5,12,"(11.2553108, 43.7677856)","(11.24938, 43.77463)",807.7,804.3,43.7677856,11.2553108
132,5,13,"(11.2553108, 43.7677856)","(11.26282, 43.76298)",765.7,976.6,43.7677856,11.2553108
133,5,14,"(11.2553108, 43.7677856)","(11.25433, 43.77003)",247,706,43.7677856,11.2553108
134,5,15,"(11.2553108, 43.7677856)","(11.255230000000001, 43.77313)",966.4,593.2,43.7677856,11.2553108
135,5,16,"(11.2553108, 43.7677856)","(11.25564, 43.76968)",154,680.2,43.7677856,11.2553108
136,5,17,"(11.2553108, 43.7677856)","(11.248335, 43.762288)",964.3,596.2,43.7677856,11.2553108
137,5,18,"(11.2553108, 43.7677856)","(11.264966000000001, 43.762705)",1022.7,923.7,43.7677856,11.2553108
138,5,19,"(11.2553108, 43.7677856)","(11.255056, 43.773106)",456.1,593.2,43.7677856,11.2553108
139,5,20,"(11.2553108, 43.7677856)","(11.256192, 43.769292)",136.4,843.7,43.7677856,11.2553108
140,5,21,"(11.2553108, 43.7677856)","(11.251878999999999, 43.777276)",900.2,675.2,43.7677856,11.2553108
141,5,22,"(11.2553108, 43.7677856)","(11.258814, 43.776761)",1033.9,1061.2,43.7677856,11.2553108
142,5,23,"(11.2553108, 43.7677856)","(11.264658, 43.77151)",761.9,877.2,43.7677856,11.2553108
143,5,-1,"(11.2553108, 43.7677856)","(11.247123, 43.772557)",699.3,537.9,43.7677856,11.2553108
144,6,0,"(11.255431699999999, 43.7708275)","(11.255693199999998, 43.772858299999996)",171.3,348.5,43.7708275,11.255431699999999
145,6,1,"(11.255431699999999, 43.7708275)","(11.2564189, 43.771534100000004)",104.2,405.4,43.7708275,11.255431699999999
146,6,2,"(11.255431699999999, 43.7708275)","(11.250781, 43.7700828)",323,693.7,43.7708275,11.255431699999999
147,6,3,"(11.255431699999999, 43.7708275)","(11.2534118, 43.7769185)",693.4,382.5,43.7708275,11.255431699999999
148,6,4,"(11.255431699999999, 43.7708275)","(11.255579699999998, 43.763469)",769.6,716.5,43.7708275,11.255431699999999
149,6,5,"(11.255431699999999, 43.7708275)","(11.2553108, 43.7677856)",292.3,341.6,43.7708275,11.255431699999999
150,6,7,"(11.255431699999999, 43.7708275)","(11.255705099999998, 43.772806)",171.3,348.5,43.7708275,11.255431699999999
151,6,8,"(11.255431699999999, 43.7708275)","(11.2531435, 43.767925)",310.2,371.5,43.7708275,11.255431699999999
152,6,9,"(11.255431699999999, 43.7708275)","(11.2541477, 43.7681911)",309.2,360.5,43.7708275,11.255431699999999
153,6,10,"(11.255431699999999, 43.7708275)","(11.250670199999998, 43.767161200000004)",509.4,569.8,43.7708275,11.255431699999999
154,6,11,"(11.255431699999999, 43.7708275)","(11.2554649, 43.7730912)",751.3,348.5,43.7708275,11.255431699999999
155,6,12,"(11.255431699999999, 43.7708275)","(11.24938, 43.77463)",573.6,559.5,43.7708275,11.255431699999999
156,6,13,"(11.255431699999999, 43.7708275)","(11.26282, 43.76298)",1017.1,614.5,43.7708275,11.255431699999999
157,6,14,"(11.255431699999999, 43.7708275)","(11.25433, 43.77003)",123.8,260.4,43.7708275,11.255431699999999
158,6,15,"(11.255431699999999, 43.7708275)","(11.255230000000001, 43.77313)",751.3,348.5,43.7708275,11.255431699999999
159,6,16,"(11.255431699999999, 43.7708275)","(11.25564, 43.76968)",210.2,241.8,43.7708275,11.255431699999999
160,6,17,"(11.255431699999999, 43.7708275)","(11.248335, 43.762288)",1109,1020.7,43.7708275,11.255431699999999
161,6,18,"(11.255431699999999, 43.7708275)","(11.264966000000001, 43.762705)",1274.1,598,43.7708275,11.255431699999999
162,6,19,"(11.255431699999999, 43.7708275)","(11.255056, 43.773106)",178.4,348.5,43.7708275,11.255431699999999
163,6,20,"(11.255431699999999, 43.7708275)","(11.256192, 43.769292)",192.6,196,43.7708275,11.255431699999999
164,6,21,"(11.255431699999999, 43.7708275)","(11.251878999999999, 43.777276)",642.8,413.2,43.7708275,11.255431699999999
165,6,22,"(11.255431699999999, 43.7708275)","(11.258814, 43.776761)",819.2,338.7,43.7708275,11.255431699999999
166,6,23,"(11.255431699999999, 43.7708275)","(11.264658, 43.77151)",568.1,229.5,43.7708275,11.255431699999999
167,6,-1,"(11.255431699999999, 43.7708275)","(11.247123, 43.772557)",591.6,857.4,43.7708275,11.255431699999999
168,7,0,"(11.255705099999998, 43.772806)","(11.255693199999998, 43.772858299999996)",0,0,43.772806,11.255705099999998
169,7,1,"(11.255705099999998, 43.772806)","(11.2564189, 43.771534100000004)",126,291.1,43.772806,11.255705099999998
170,7,2,"(11.255705099999998, 43.772806)","(11.250781, 43.7700828)",467.6,589.8,43.772806,11.255705099999998
171,7,3,"(11.255705099999998, 43.772806)","(11.2534118, 43.7769185)",637.2,345.4,43.772806,11.255705099999998
172,7,4,"(11.255705099999998, 43.772806)","(11.255579699999998, 43.763469)",926.3,814.7,43.772806,11.255705099999998
173,7,5,"(11.255705099999998, 43.772806)","(11.2553108, 43.7677856)",449,439.8,43.772806,11.255705099999998
174,7,6,"(11.255705099999998, 43.772806)","(11.255431699999999, 43.7708275)",171.3,98.2,43.772806,11.255705099999998
175,7,8,"(11.255705099999998, 43.772806)","(11.2531435, 43.767925)",466.9,469.7,43.772806,11.255705099999998
176,7,9,"(11.255705099999998, 43.772806)","(11.2541477, 43.7681911)",465.9,458.7,43.772806,11.255705099999998
177,7,10,"(11.255705099999998, 43.772806)","(11.250670199999998, 43.767161200000004)",666.1,657.5,43.772806,11.255705099999998
178,7,11,"(11.255705099999998, 43.772806)","(11.2554649, 43.7730912)",635.3,0,43.772806,11.255705099999998
179,7,12,"(11.255705099999998, 43.772806)","(11.24938, 43.77463)",519.4,522.4,43.772806,11.255705099999998
180,7,13,"(11.255705099999998, 43.772806)","(11.26282, 43.76298)",1173.8,712.7,43.772806,11.255705099999998
181,7,14,"(11.255705099999998, 43.772806)","(11.25433, 43.77003)",280.5,156.5,43.772806,11.255705099999998
182,7,15,"(11.255705099999998, 43.772806)","(11.255230000000001, 43.77313)",635.3,0,43.772806,11.255705099999998
183,7,16,"(11.255705099999998, 43.772806)","(11.25564, 43.76968)",335.2,130.7,43.772806,11.255705099999998
184,7,17,"(11.255705099999998, 43.772806)","(11.248335, 43.762288)",1265.7,931.2,43.772806,11.255705099999998
185,7,18,"(11.255705099999998, 43.772806)","(11.264966000000001, 43.762705)",1430.8,696.2,43.772806,11.255705099999998
186,7,19,"(11.255705099999998, 43.772806)","(11.255056, 43.773106)",118.5,0,43.772806,11.255705099999998
187,7,20,"(11.255705099999998, 43.772806)","(11.256192, 43.769292)",349.3,294.2,43.772806,11.255705099999998
188,7,21,"(11.255705099999998, 43.772806)","(11.251878999999999, 43.777276)",586.6,376.1,43.772806,11.255705099999998
189,7,22,"(11.255705099999998, 43.772806)","(11.258814, 43.776761)",702.8,301.6,43.772806,11.255705099999998
190,7,23,"(11.255705099999998, 43.772806)","(11.264658, 43.77151)",577,327.7,43.772806,11.255705099999998
191,7,-1,"(11.255705099999998, 43.772806)","(11.247123, 43.772557)",633.3,753.5,43.772806,11.255705099999998
192,8,0,"(11.2531435, 43.767925)","(11.255693199999998, 43.772858299999996)",466.9,563.3,43.767925,11.2531435
193,8,1,"(11.2531435, 43.767925)","(11.2564189, 43.771534100000004)",414.4,803.3,43.767925,11.2531435
194,8,2,"(11.2531435, 43.767925)","(11.250781, 43.7700828)",276.5,453.5,43.767925,11.2531435
195,8,3,"(11.2531435, 43.767925)","(11.2534118, 43.7769185)",890.2,1072.7,43.767925,11.2531435
196,8,4,"(11.2531435, 43.767925)","(11.255579699999998, 43.763469)",459.4,1133.8,43.767925,11.2531435
197,8,5,"(11.2531435, 43.767925)","(11.2553108, 43.7677856)",165.5,1251.3,43.767925,11.2531435
198,8,6,"(11.2531435, 43.767925)","(11.255431699999999, 43.7708275)",310.2,617.8,43.767925,11.2531435
199,8,7,"(11.2531435, 43.767925)","(11.255705099999998, 43.772806)",466.9,563.3,43.767925,11.2531435
200,8,9,"(11.2531435, 43.767925)","(11.2541477, 43.7681911)",88.2,1270.2,43.767925,11.2531435
201,8,10,"(11.2531435, 43.767925)","(11.250670199999998, 43.767161200000004)",199.2,198.3,43.767925,11.2531435
202,8,11,"(11.2531435, 43.767925)","(11.2554649, 43.7730912)",948.1,563.3,43.767925,11.2531435
203,8,12,"(11.2531435, 43.767925)","(11.24938, 43.77463)",734.8,774.4,43.767925,11.2531435
204,8,13,"(11.2531435, 43.767925)","(11.26282, 43.76298)",801.3,946.7,43.767925,11.2531435
205,8,14,"(11.2531435, 43.767925)","(11.25433, 43.77003)",186.4,676.1,43.767925,11.2531435
206,8,15,"(11.2531435, 43.767925)","(11.255230000000001, 43.77313)",948.1,563.3,43.767925,11.2531435
207,8,16,"(11.2531435, 43.767925)","(11.25564, 43.76968)",281.8,650.3,43.767925,11.2531435
208,8,17,"(11.2531435, 43.767925)","(11.248335, 43.762288)",798.8,566.3,43.767925,11.2531435
209,8,18,"(11.2531435, 43.767925)","(11.264966000000001, 43.762705)",1058.3,893.8,43.767925,11.2531435
210,8,19,"(11.2531435, 43.767925)","(11.255056, 43.773106)",474,563.3,43.767925,11.2531435
211,8,20,"(11.2531435, 43.767925)","(11.256192, 43.769292)",264.2,813.8,43.767925,11.2531435
212,8,21,"(11.2531435, 43.767925)","(11.251878999999999, 43.777276)",839.6,645.3,43.767925,11.2531435
213,8,22,"(11.2531435, 43.767925)","(11.258814, 43.776761)",1120.6,1031.3,43.767925,11.2531435
214,8,23,"(11.2531435, 43.767925)","(11.264658, 43.77151)",877.5,847.3,43.767925,11.2531435
215,8,-1,"(11.2531435, 43.767925)","(11.247123, 43.772557)",626.4,508,43.767925,11.2531435
216,9,0,"(11.2541477, 43.7681911)","(11.255693199999998, 43.772858299999996)",465.9,574.3,43.7681911,11.2541477
217,9,1,"(11.2541477, 43.7681911)","(11.2564189, 43.771534100000004)",413.4,814.3,43.7681911,11.2541477
218,9,2,"(11.2541477, 43.7681911)","(11.250781, 43.7700828)",275.5,464.5,43.7681911,11.2541477
219,9,3,"(11.2541477, 43.7681911)","(11.2534118, 43.7769185)",889.2,1083.7,43.7681911,11.2541477
220,9,4,"(11.2541477, 43.7681911)","(11.255579699999998, 43.763469)",547.6,1144.8,43.7681911,11.2541477
221,9,5,"(11.2541477, 43.7681911)","(11.2553108, 43.7677856)",77.3,1262.3,43.7681911,11.2541477
222,9,6,"(11.2541477, 43.7681911)","(11.255431699999999, 43.7708275)",309.2,628.8,43.7681911,11.2541477
223,9,7,"(11.2541477, 43.7681911)","(11.255705099999998, 43.772806)",465.9,574.3,43.7681911,11.2541477
224,9,8,"(11.2541477, 43.7681911)","(11.2531435, 43.767925)",88.2,11,43.7681911,11.2541477
225,9,10,"(11.2541477, 43.7681911)","(11.250670199999998, 43.767161200000004)",287.4,209.3,43.7681911,11.2541477
226,9,11,"(11.2541477, 43.7681911)","(11.2554649, 43.7730912)",947.1,574.3,43.7681911,11.2541477
227,9,12,"(11.2541477, 43.7681911)","(11.24938, 43.77463)",733.8,785.4,43.7681911,11.2541477
228,9,13,"(11.2541477, 43.7681911)","(11.26282, 43.76298)",834.2,957.7,43.7681911,11.2541477
229,9,14,"(11.2541477, 43.7681911)","(11.25433, 43.77003)",185.4,687.1,43.7681911,11.2541477
230,9,15,"(11.2541477, 43.7681911)","(11.255230000000001, 43.77313)",947.1,574.3,43.7681911,11.2541477
231,9,16,"(11.2541477, 43.7681911)","(11.25564, 43.76968)",231.3,661.3,43.7681911,11.2541477
232,9,17,"(11.2541477, 43.7681911)","(11.248335, 43.762288)",887,577.3,43.7681911,11.2541477
233,9,18,"(11.2541477, 43.7681911)","(11.264966000000001, 43.762705)",1091.2,904.8,43.7681911,11.2541477
234,9,19,"(11.2541477, 43.7681911)","(11.255056, 43.773106)",473,574.3,43.7681911,11.2541477
235,9,20,"(11.2541477, 43.7681911)","(11.256192, 43.769292)",213.7,824.8,43.7681911,11.2541477
236,9,21,"(11.2541477, 43.7681911)","(11.251878999999999, 43.777276)",838.6,656.3,43.7681911,11.2541477
237,9,22,"(11.2541477, 43.7681911)","(11.258814, 43.776761)",1109.9,1042.3,43.7681911,11.2541477
238,9,23,"(11.2541477, 43.7681911)","(11.264658, 43.77151)",830.4,858.3,43.7681911,11.2541477
239,9,-1,"(11.2541477, 43.7681911)","(11.247123, 43.772557)",625.4,519,43.7681911,11.2541477
240,10,0,"(11.250670199999998, 43.767161200000004)","(11.255693199999998, 43.772858299999996)",666.1,554.4,43.767161200000004,11.250670199999998
241,10,1,"(11.250670199999998, 43.767161200000004)","(11.2564189, 43.771534100000004)",613.6,794.4,43.767161200000004,11.250670199999998
242,10,2,"(11.250670199999998, 43.767161200000004)","(11.250781, 43.7700828)",261.2,444.6,43.767161200000004,11.250670199999998
243,10,3,"(11.250670199999998, 43.767161200000004)","(11.2534118, 43.7769185)",993,1063.8,43.767161200000004,11.250670199999998
244,10,4,"(11.250670199999998, 43.767161200000004)","(11.255579699999998, 43.763469)",528.1,1124.9,43.767161200000004,11.250670199999998
245,10,5,"(11.250670199999998, 43.767161200000004)","(11.2553108, 43.7677856)",364.7,1242.4,43.767161200000004,11.250670199999998
246,10,6,"(11.250670199999998, 43.767161200000004)","(11.255431699999999, 43.7708275)",509.4,608.9,43.767161200000004,11.250670199999998
247,10,7,"(11.250670199999998, 43.767161200000004)","(11.255705099999998, 43.772806)",666.1,554.4,43.767161200000004,11.250670199999998
248,10,8,"(11.250670199999998, 43.767161200000004)","(11.2531435, 43.767925)",199.2,1272.3,43.767161200000004,11.250670199999998
249,10,9,"(11.250670199999998, 43.767161200000004)","(11.2541477, 43.7681911)",287.4,1261.3,43.767161200000004,11.250670199999998
250,10,11,"(11.250670199999998, 43.767161200000004)","(11.2554649, 43.7730912)",1050.9,554.4,43.767161200000004,11.250670199999998
251,10,12,"(11.250670199999998, 43.767161200000004)","(11.24938, 43.77463)",744.3,765.5,43.767161200000004,11.250670199999998
252,10,13,"(11.250670199999998, 43.767161200000004)","(11.26282, 43.76298)",901.1,937.8,43.767161200000004,11.250670199999998
253,10,14,"(11.250670199999998, 43.767161200000004)","(11.25433, 43.77003)",385.6,667.2,43.767161200000004,11.250670199999998
254,10,15,"(11.250670199999998, 43.767161200000004)","(11.255230000000001, 43.77313)",1050.9,554.4,43.767161200000004,11.250670199999998
255,10,16,"(11.250670199999998, 43.767161200000004)","(11.25564, 43.76968)",481,641.4,43.767161200000004,11.250670199999998
256,10,17,"(11.250670199999998, 43.767161200000004)","(11.248335, 43.762288)",682.7,557.4,43.767161200000004,11.250670199999998
257,10,18,"(11.250670199999998, 43.767161200000004)","(11.264966000000001, 43.762705)",1158.1,884.9,43.767161200000004,11.250670199999998
258,10,19,"(11.250670199999998, 43.767161200000004)","(11.255056, 43.773106)",673.2,554.4,43.767161200000004,11.250670199999998
259,10,20,"(11.250670199999998, 43.767161200000004)","(11.256192, 43.769292)",463.4,804.9,43.767161200000004,11.250670199999998
260,10,21,"(11.250670199999998, 43.767161200000004)","(11.251878999999999, 43.777276)",942.4,636.4,43.767161200000004,11.250670199999998
261,10,22,"(11.250670199999998, 43.767161200000004)","(11.258814, 43.776761)",1223.4,1022.4,43.767161200000004,11.250670199999998
262,10,23,"(11.250670199999998, 43.767161200000004)","(11.264658, 43.77151)",1076.7,838.4,43.767161200000004,11.250670199999998
263,10,-1,"(11.250670199999998, 43.767161200000004)","(11.247123, 43.772557)",611,499.1,43.767161200000004,11.250670199999998
264,11,0,"(11.2554649, 43.7730912)","(11.255693199999998, 43.772858299999996)",635.3,0,43.7730912,11.2554649
265,11,1,"(11.2554649, 43.7730912)","(11.2564189, 43.771534100000004)",650,291.1,43.7730912,11.2554649
266,11,2,"(11.2554649, 43.7730912)","(11.250781, 43.7700828)",789.7,589.8,43.7730912,11.2554649
267,11,3,"(11.2554649, 43.7730912)","(11.2534118, 43.7769185)",409.5,345.4,43.7730912,11.2554649
268,11,4,"(11.2554649, 43.7730912)","(11.255579699999998, 43.763469)",1407.5,814.7,43.7730912,11.2554649
269,11,5,"(11.2554649, 43.7730912)","(11.2553108, 43.7677856)",966.4,439.8,43.7730912,11.2554649
270,11,6,"(11.2554649, 43.7730912)","(11.255431699999999, 43.7708275)",751.3,98.2,43.7730912,11.2554649
271,11,7,"(11.2554649, 43.7730912)","(11.255705099999998, 43.772806)",635.3,0,43.7730912,11.2554649
272,11,8,"(11.2554649, 43.7730912)","(11.2531435, 43.767925)",948.1,469.7,43.7730912,11.2554649
273,11,9,"(11.2554649, 43.7730912)","(11.2541477, 43.7681911)",947.1,458.7,43.7730912,11.2554649
274,11,10,"(11.2554649, 43.7730912)","(11.250670199999998, 43.767161200000004)",1050.9,657.5,43.7730912,11.2554649
275,11,12,"(11.2554649, 43.7730912)","(11.24938, 43.77463)",505.1,522.4,43.7730912,11.2554649
276,11,13,"(11.2554649, 43.7730912)","(11.26282, 43.76298)",1522.1,712.7,43.7730912,11.2554649
277,11,14,"(11.2554649, 43.7730912)","(11.25433, 43.77003)",761.7,156.5,43.7730912,11.2554649
278,11,15,"(11.2554649, 43.7730912)","(11.255230000000001, 43.77313)",0,0,43.7730912,11.2554649
279,11,16,"(11.2554649, 43.7730912)","(11.25564, 43.76968)",812.4,130.7,43.7730912,11.2554649
280,11,17,"(11.2554649, 43.7730912)","(11.248335, 43.762288)",1651.8,931.2,43.7730912,11.2554649
281,11,18,"(11.2554649, 43.7730912)","(11.264966000000001, 43.762705)",1779.1,696.2,43.7730912,11.2554649
282,11,19,"(11.2554649, 43.7730912)","(11.255056, 43.773106)",702.2,0,43.7730912,11.2554649
283,11,20,"(11.2554649, 43.7730912)","(11.256192, 43.769292)",830,294.2,43.7730912,11.2554649
284,11,21,"(11.2554649, 43.7730912)","(11.251878999999999, 43.777276)",407.5,376.1,43.7730912,11.2554649
285,11,22,"(11.2554649, 43.7730912)","(11.258814, 43.776761)",366.1,301.6,43.7730912,11.2554649
286,11,23,"(11.2554649, 43.7730912)","(11.264658, 43.77151)",693,327.7,43.7730912,11.2554649
287,11,-1,"(11.2554649, 43.7730912)","(11.247123, 43.772557)",783.3,753.5,43.7730912,11.2554649
288,12,0,"(11.24938, 43.77463)","(11.255693199999998, 43.772858299999996)",519.4,319.1,43.77463,11.24938
289,12,1,"(11.24938, 43.77463)","(11.2564189, 43.771534100000004)",581.2,559.1,43.77463,11.24938
290,12,2,"(11.24938, 43.77463)","(11.250781, 43.7700828)",483.1,328.7,43.77463,11.24938
291,12,3,"(11.24938, 43.77463)","(11.2534118, 43.7769185)",376,730.5,43.77463,11.24938
292,12,4,"(11.24938, 43.77463)","(11.255579699999998, 43.763469)",1194.2,1237.6,43.77463,11.24938
293,12,5,"(11.24938, 43.77463)","(11.2553108, 43.7677856)",807.7,950.8,43.77463,11.24938
294,12,6,"(11.24938, 43.77463)","(11.255431699999999, 43.7708275)",573.6,373.6,43.77463,11.24938
295,12,7,"(11.24938, 43.77463)","(11.255705099999998, 43.772806)",519.4,319.1,43.77463,11.24938
296,12,8,"(11.24938, 43.77463)","(11.2531435, 43.767925)",734.8,980.7,43.77463,11.24938
297,12,9,"(11.24938, 43.77463)","(11.2541477, 43.7681911)",733.8,969.7,43.77463,11.24938
298,12,10,"(11.24938, 43.77463)","(11.250670199999998, 43.767161200000004)",744.3,396.4,43.77463,11.24938
299,12,11,"(11.24938, 43.77463)","(11.2554649, 43.7730912)",505.1,319.1,43.77463,11.24938
300,12,13,"(11.24938, 43.77463)","(11.26282, 43.76298)",1536.1,1050.5,43.77463,11.24938
301,12,14,"(11.24938, 43.77463)","(11.25433, 43.77003)",581,431.9,43.77463,11.24938
302,12,15,"(11.24938, 43.77463)","(11.255230000000001, 43.77313)",505.1,319.1,43.77463,11.24938
303,12,16,"(11.24938, 43.77463)","(11.25564, 43.76968)",745.5,406.1,43.77463,11.24938
304,12,17,"(11.24938, 43.77463)","(11.248335, 43.762288)",1345.2,670.1,43.77463,11.24938
305,12,18,"(11.24938, 43.77463)","(11.264966000000001, 43.762705)",1793.1,997.6,43.77463,11.24938
306,12,19,"(11.24938, 43.77463)","(11.255056, 43.773106)",526.5,319.1,43.77463,11.24938
307,12,20,"(11.24938, 43.77463)","(11.256192, 43.769292)",727.9,569.6,43.77463,11.24938
308,12,21,"(11.24938, 43.77463)","(11.251878999999999, 43.777276)",280.3,240,43.77463,11.24938
309,12,22,"(11.24938, 43.77463)","(11.258814, 43.776761)",669.8,689.1,43.77463,11.24938
310,12,23,"(11.24938, 43.77463)","(11.264658, 43.77151)",1004.5,603.1,43.77463,11.24938
311,12,-1,"(11.24938, 43.77463)","(11.247123, 43.772557)",466,492.4,43.77463,11.24938
312,13,0,"(11.26282, 43.76298)","(11.255693199999998, 43.772858299999996)",1173.8,817.1,43.76298,11.26282
313,13,1,"(11.26282, 43.76298)","(11.2564189, 43.771534100000004)",1051.9,800,43.76298,11.26282
314,13,2,"(11.26282, 43.76298)","(11.250781, 43.7700828)",1077.8,971.1,43.76298,11.26282
315,13,3,"(11.26282, 43.76298)","(11.2534118, 43.7769185)",1675.6,777.1,43.76298,11.26282
316,13,4,"(11.26282, 43.76298)","(11.255579699999998, 43.763469)",605.6,281.2,43.76298,11.26282
317,13,5,"(11.26282, 43.76298)","(11.2553108, 43.7677856)",765.7,487.7,43.76298,11.26282
318,13,6,"(11.26282, 43.76298)","(11.255431699999999, 43.7708275)",1017.1,735.5,43.76298,11.26282
319,13,7,"(11.26282, 43.76298)","(11.255705099999998, 43.772806)",1173.8,817.1,43.76298,11.26282
320,13,8,"(11.26282, 43.76298)","(11.2531435, 43.767925)",801.3,517.6,43.76298,11.26282
321,13,9,"(11.26282, 43.76298)","(11.2541477, 43.7681911)",834.2,506.6,43.76298,11.26282
322,13,10,"(11.26282, 43.76298)","(11.250670199999998, 43.767161200000004)",901.1,715.9,43.76298,11.26282
323,13,11,"(11.26282, 43.76298)","(11.2554649, 43.7730912)",1522.1,817.1,43.76298,11.26282
324,13,12,"(11.26282, 43.76298)","(11.24938, 43.77463)",1536.1,954.1,43.76298,11.26282
325,13,14,"(11.26282, 43.76298)","(11.25433, 43.77003)",971.8,729,43.76298,11.26282
326,13,15,"(11.26282, 43.76298)","(11.255230000000001, 43.77313)",1522.1,817.1,43.76298,11.26282
327,13,16,"(11.26282, 43.76298)","(11.25564, 43.76968)",873.9,710.4,43.76298,11.26282
328,13,17,"(11.26282, 43.76298)","(11.248335, 43.762288)",1393.2,553.4,43.76298,11.26282
329,13,18,"(11.26282, 43.76298)","(11.264966000000001, 43.762705)",266.9,199.2,43.76298,11.26282
330,13,19,"(11.26282, 43.76298)","(11.255056, 43.773106)",1180.9,817.1,43.76298,11.26282
331,13,20,"(11.26282, 43.76298)","(11.256192, 43.769292)",856.3,675.5,43.76298,11.26282
332,13,21,"(11.26282, 43.76298)","(11.251878999999999, 43.777276)",1625,807.8,43.76298,11.26282
333,13,22,"(11.26282, 43.76298)","(11.258814, 43.776761)",1585.2,733.3,43.76298,11.26282
334,13,23,"(11.26282, 43.76298)","(11.264658, 43.77151)",1074.3,624.1,43.76298,11.26282
335,13,-1,"(11.26282, 43.76298)","(11.247123, 43.772557)",1427.7,1025.6,43.76298,11.26282
336,14,0,"(11.25433, 43.77003)","(11.255693199999998, 43.772858299999996)",280.5,317.7,43.77003,11.25433
337,14,1,"(11.25433, 43.77003)","(11.2564189, 43.771534100000004)",228,557.7,43.77003,11.25433
338,14,2,"(11.25433, 43.77003)","(11.250781, 43.7700828)",228.6,433.3,43.77003,11.25433
339,14,3,"(11.25433, 43.77003)","(11.2534118, 43.7769185)",703.8,612,43.77003,11.25433
340,14,4,"(11.25433, 43.77003)","(11.255579699999998, 43.763469)",645.8,1342.2,43.77003,11.25433
341,14,5,"(11.25433, 43.77003)","(11.2553108, 43.7677856)",247,713.8,43.77003,11.25433
342,14,6,"(11.25433, 43.77003)","(11.255431699999999, 43.7708275)",123.8,372.2,43.77003,11.25433
343,14,7,"(11.25433, 43.77003)","(11.255705099999998, 43.772806)",280.5,317.7,43.77003,11.25433
344,14,8,"(11.25433, 43.77003)","(11.2531435, 43.767925)",186.4,743.7,43.77003,11.25433
345,14,9,"(11.25433, 43.77003)","(11.2541477, 43.7681911)",185.4,732.7,43.77003,11.25433
346,14,10,"(11.25433, 43.77003)","(11.250670199999998, 43.767161200000004)",385.6,501,43.77003,11.25433
347,14,11,"(11.25433, 43.77003)","(11.2554649, 43.7730912)",761.7,317.7,43.77003,11.25433
348,14,12,"(11.25433, 43.77003)","(11.24938, 43.77463)",581,613.8,43.77003,11.25433
349,14,13,"(11.25433, 43.77003)","(11.26282, 43.76298)",971.8,1155.1,43.77003,11.25433
350,14,15,"(11.25433, 43.77003)","(11.255230000000001, 43.77313)",761.7,317.7,43.77003,11.25433
351,14,16,"(11.25433, 43.77003)","(11.25564, 43.76968)",164.9,404.7,43.77003,11.25433
352,14,17,"(11.25433, 43.77003)","(11.248335, 43.762288)",985.2,774.7,43.77003,11.25433
353,14,18,"(11.25433, 43.77003)","(11.264966000000001, 43.762705)",1228.8,1102.2,43.77003,11.25433
354,14,19,"(11.25433, 43.77003)","(11.255056, 43.773106)",287.6,317.7,43.77003,11.25433
355,14,20,"(11.25433, 43.77003)","(11.256192, 43.769292)",147.3,568.2,43.77003,11.25433
356,14,21,"(11.25433, 43.77003)","(11.251878999999999, 43.777276)",653.2,508,43.77003,11.25433
357,14,22,"(11.25433, 43.77003)","(11.258814, 43.776761)",934.2,568.2,43.77003,11.25433
358,14,23,"(11.25433, 43.77003)","(11.264658, 43.77151)",691.1,601.7,43.77003,11.25433
359,14,-1,"(11.25433, 43.77003)","(11.247123, 43.772557)",595.9,597,43.77003,11.25433
360,15,0,"(11.255230000000001, 43.77313)","(11.255693199999998, 43.772858299999996)",635.3,0,43.77313,11.255230000000001
361,15,1,"(11.255230000000001, 43.77313)","(11.2564189, 43.771534100000004)",650,291.1,43.77313,11.255230000000001
362,15,2,"(11.255230000000001, 43.77313)","(11.250781, 43.7700828)",789.7,589.8,43.77313,11.255230000000001
363,15,3,"(11.255230000000001, 43.77313)","(11.2534118, 43.7769185)",409.5,345.4,43.77313,11.255230000000001
364,15,4,"(11.255230000000001, 43.77313)","(11.255579699999998, 43.763469)",1407.5,814.7,43.77313,11.255230000000001
365,15,5,"(11.255230000000001, 43.77313)","(11.2553108, 43.7677856)",966.4,439.8,43.77313,11.255230000000001
366,15,6,"(11.255230000000001, 43.77313)","(11.255431699999999, 43.7708275)",751.3,98.2,43.77313,11.255230000000001
367,15,7,"(11.255230000000001, 43.77313)","(11.255705099999998, 43.772806)",635.3,0,43.77313,11.255230000000001
368,15,8,"(11.255230000000001, 43.77313)","(11.2531435, 43.767925)",948.1,469.7,43.77313,11.255230000000001
369,15,9,"(11.255230000000001, 43.77313)","(11.2541477, 43.7681911)",947.1,458.7,43.77313,11.255230000000001
370,15,10,"(11.255230000000001, 43.77313)","(11.250670199999998, 43.767161200000004)",1050.9,657.5,43.77313,11.255230000000001
371,15,11,"(11.255230000000001, 43.77313)","(11.2554649, 43.7730912)",0,0,43.77313,11.255230000000001
372,15,12,"(11.255230000000001, 43.77313)","(11.24938, 43.77463)",505.1,522.4,43.77313,11.255230000000001
373,15,13,"(11.255230000000001, 43.77313)","(11.26282, 43.76298)",1522.1,712.7,43.77313,11.255230000000001
374,15,14,"(11.255230000000001, 43.77313)","(11.25433, 43.77003)",761.7,156.5,43.77313,11.255230000000001
375,15,16,"(11.255230000000001, 43.77313)","(11.25564, 43.76968)",812.4,130.7,43.77313,11.255230000000001
376,15,17,"(11.255230000000001, 43.77313)","(11.248335, 43.762288)",1651.8,931.2,43.77313,11.255230000000001
377,15,18,"(11.255230000000001, 43.77313)","(11.264966000000001, 43.762705)",1779.1,696.2,43.77313,11.255230000000001
378,15,19,"(11.255230000000001, 43.77313)","(11.255056, 43.773106)",702.2,0,43.77313,11.255230000000001
379,15,20,"(11.255230000000001, 43.77313)","(11.256192, 43.769292)",830,294.2,43.77313,11.255230000000001
380,15,21,"(11.255230000000001, 43.77313)","(11.251878999999999, 43.777276)",407.5,376.1,43.77313,11.255230000000001
381,15,22,"(11.255230000000001, 43.77313)","(11.258814, 43.776761)",366.1,301.6,43.77313,11.255230000000001
382,15,23,"(11.255230000000001, 43.77313)","(11.264658, 43.77151)",693,327.7,43.77313,11.255230000000001
383,15,-1,"(11.255230000000001, 43.77313)","(11.247123, 43.772557)",783.3,753.5,43.77313,11.255230000000001
384,16,0,"(11.25564, 43.76968)","(11.255693199999998, 43.772858299999996)",335.2,130.7,43.76968,11.25564
385,16,1,"(11.25564, 43.76968)","(11.2564189, 43.771534100000004)",218.8,377.6,43.76968,11.25564
386,16,2,"(11.25564, 43.76968)","(11.250781, 43.7700828)",370.6,483.6,43.76968,11.25564
387,16,3,"(11.25564, 43.76968)","(11.2534118, 43.7769185)",868.7,431.6,43.76968,11.25564
388,16,4,"(11.25564, 43.76968)","(11.255579699999998, 43.763469)",741.2,765.6,43.76968,11.25564
389,16,5,"(11.25564, 43.76968)","(11.2553108, 43.7677856)",154,390.7,43.76968,11.25564
390,16,6,"(11.25564, 43.76968)","(11.255431699999999, 43.7708275)",210.2,49.1,43.76968,11.25564
391,16,7,"(11.25564, 43.76968)","(11.255705099999998, 43.772806)",335.2,130.7,43.76968,11.25564
392,16,8,"(11.25564, 43.76968)","(11.2531435, 43.767925)",281.8,420.6,43.76968,11.25564
393,16,9,"(11.25564, 43.76968)","(11.2541477, 43.7681911)",231.3,409.6,43.76968,11.25564
394,16,10,"(11.25564, 43.76968)","(11.250670199999998, 43.767161200000004)",481,551.3,43.76968,11.25564
395,16,11,"(11.25564, 43.76968)","(11.2554649, 43.7730912)",812.4,130.7,43.76968,11.25564
396,16,12,"(11.25564, 43.76968)","(11.24938, 43.77463)",745.5,608.6,43.76968,11.25564
397,16,13,"(11.25564, 43.76968)","(11.26282, 43.76298)",873.9,663.6,43.76968,11.25564
398,16,14,"(11.25564, 43.76968)","(11.25433, 43.77003)",164.9,50.3,43.76968,11.25564
399,16,15,"(11.25564, 43.76968)","(11.255230000000001, 43.77313)",812.4,130.7,43.76968,11.25564
400,16,17,"(11.25564, 43.76968)","(11.248335, 43.762288)",1080.6,825,43.76968,11.25564
401,16,18,"(11.25564, 43.76968)","(11.264966000000001, 43.762705)",1130.9,647.1,43.76968,11.25564
402,16,19,"(11.25564, 43.76968)","(11.255056, 43.773106)",374,130.7,43.76968,11.25564
403,16,20,"(11.25564, 43.76968)","(11.256192, 43.769292)",17.6,245.1,43.76968,11.25564
404,16,21,"(11.25564, 43.76968)","(11.251878999999999, 43.777276)",818.1,462.3,43.76968,11.25564
405,16,22,"(11.25564, 43.76968)","(11.258814, 43.776761)",879.9,387.8,43.76968,11.25564
406,16,23,"(11.25564, 43.76968)","(11.264658, 43.77151)",622.7,278.6,43.76968,11.25564
407,16,-1,"(11.25564, 43.76968)","(11.247123, 43.772557)",756.3,647.3,43.76968,11.25564
408,17,0,"(11.248335, 43.762288)","(11.255693199999998, 43.772858299999996)",1265.7,1068.3,43.762288,11.248335
409,17,1,"(11.248335, 43.762288)","(11.2564189, 43.771534100000004)",1213.2,1110.6,43.762288,11.248335
410,17,2,"(11.248335, 43.762288)","(11.250781, 43.7700828)",862.1,958.5,43.762288,11.248335
411,17,3,"(11.248335, 43.762288)","(11.2534118, 43.7769185)",1593.9,1087.7,43.762288,11.248335
412,17,4,"(11.248335, 43.762288)","(11.255579699999998, 43.763469)",893.2,733.2,43.762288,11.248335
413,17,5,"(11.248335, 43.762288)","(11.2553108, 43.7677856)",964.3,850.7,43.762288,11.248335
414,17,6,"(11.248335, 43.762288)","(11.255431699999999, 43.7708275)",1109,1107.2,43.762288,11.248335
415,17,7,"(11.248335, 43.762288)","(11.255705099999998, 43.772806)",1265.7,1068.3,43.762288,11.248335
416,17,8,"(11.248335, 43.762288)","(11.2531435, 43.767925)",798.8,880.6,43.762288,11.248335
417,17,9,"(11.248335, 43.762288)","(11.2541477, 43.7681911)",887,869.6,43.762288,11.248335
418,17,10,"(11.248335, 43.762288)","(11.250670199999998, 43.767161200000004)",682.7,659.1,43.762288,11.248335
419,17,11,"(11.248335, 43.762288)","(11.2554649, 43.7730912)",1651.8,1068.3,43.762288,11.248335
420,17,12,"(11.248335, 43.762288)","(11.24938, 43.77463)",1345.2,1198.5,43.762288,11.248335
421,17,13,"(11.248335, 43.762288)","(11.26282, 43.76298)",1393.2,546.1,43.762288,11.248335
422,17,14,"(11.248335, 43.762288)","(11.25433, 43.77003)",985.2,1100.7,43.762288,11.248335
423,17,15,"(11.248335, 43.762288)","(11.255230000000001, 43.77313)",1651.8,1068.3,43.762288,11.248335
424,17,16,"(11.248335, 43.762288)","(11.25564, 43.76968)",1080.6,1082.1,43.762288,11.248335
425,17,18,"(11.248335, 43.762288)","(11.264966000000001, 43.762705)",1650.2,493.2,43.762288,11.248335
426,17,19,"(11.248335, 43.762288)","(11.255056, 43.773106)",1272.8,1068.3,43.762288,11.248335
427,17,20,"(11.248335, 43.762288)","(11.256192, 43.769292)",1063,1036.3,43.762288,11.248335
428,17,21,"(11.248335, 43.762288)","(11.251878999999999, 43.777276)",1543.3,1118.4,43.762288,11.248335
429,17,22,"(11.248335, 43.762288)","(11.258814, 43.776761)",1824.3,1043.9,43.762288,11.248335
430,17,23,"(11.248335, 43.762288)","(11.264658, 43.77151)",1676.3,934.7,43.762288,11.248335
431,17,-1,"(11.248335, 43.762288)","(11.247123, 43.772557)",1126,1013,43.762288,11.248335
432,18,0,"(11.264966000000001, 43.762705)","(11.255693199999998, 43.772858299999996)",1430.8,831.3,43.762705,11.264966000000001
433,18,1,"(11.264966000000001, 43.762705)","(11.2564189, 43.771534100000004)",1308.9,734.5,43.762705,11.264966000000001
434,18,2,"(11.264966000000001, 43.762705)","(11.250781, 43.7700828)",1334.8,1090.6,43.762705,11.264966000000001
435,18,3,"(11.264966000000001, 43.762705)","(11.2534118, 43.7769185)",1932.6,711.6,43.762705,11.264966000000001
436,18,4,"(11.264966000000001, 43.762705)","(11.255579699999998, 43.763469)",862.6,451.6,43.762705,11.264966000000001
437,18,5,"(11.264966000000001, 43.762705)","(11.2553108, 43.7677856)",1022.7,474.6,43.762705,11.264966000000001
438,18,6,"(11.264966000000001, 43.762705)","(11.255431699999999, 43.7708275)",1274.1,731.1,43.762705,11.264966000000001
439,18,7,"(11.264966000000001, 43.762705)","(11.255705099999998, 43.772806)",1430.8,831.3,43.762705,11.264966000000001
440,18,8,"(11.264966000000001, 43.762705)","(11.2531435, 43.767925)",1058.3,504.5,43.762705,11.264966000000001
441,18,9,"(11.264966000000001, 43.762705)","(11.2541477, 43.7681911)",1091.2,493.5,43.762705,11.264966000000001
442,18,10,"(11.264966000000001, 43.762705)","(11.250670199999998, 43.767161200000004)",1158.1,791.2,43.762705,11.264966000000001
443,18,11,"(11.264966000000001, 43.762705)","(11.2554649, 43.7730912)",1779.1,831.3,43.762705,11.264966000000001
444,18,12,"(11.264966000000001, 43.762705)","(11.24938, 43.77463)",1793.1,888.6,43.762705,11.264966000000001
445,18,13,"(11.264966000000001, 43.762705)","(11.26282, 43.76298)",266.9,170.4,43.762705,11.264966000000001
446,18,14,"(11.264966000000001, 43.762705)","(11.25433, 43.77003)",1228.8,724.6,43.762705,11.264966000000001
447,18,15,"(11.264966000000001, 43.762705)","(11.255230000000001, 43.77313)",1779.1,831.3,43.762705,11.264966000000001
448,18,16,"(11.264966000000001, 43.762705)","(11.25564, 43.76968)",1130.9,706,43.762705,11.264966000000001
449,18,17,"(11.264966000000001, 43.762705)","(11.248335, 43.762288)",1650.2,475.6,43.762705,11.264966000000001
450,18,19,"(11.264966000000001, 43.762705)","(11.255056, 43.773106)",1437.9,831.3,43.762705,11.264966000000001
451,18,20,"(11.264966000000001, 43.762705)","(11.256192, 43.769292)",1113.3,660.2,43.762705,11.264966000000001
452,18,21,"(11.264966000000001, 43.762705)","(11.251878999999999, 43.777276)",1882,742.3,43.762705,11.264966000000001
453,18,22,"(11.264966000000001, 43.762705)","(11.258814, 43.776761)",1842.2,667.8,43.762705,11.264966000000001
454,18,23,"(11.264966000000001, 43.762705)","(11.264658, 43.77151)",1331.3,558.6,43.762705,11.264966000000001
455,18,-1,"(11.264966000000001, 43.762705)","(11.247123, 43.772557)",1684.7,1145.1,43.762705,11.264966000000001
456,19,0,"(11.255056, 43.773106)","(11.255693199999998, 43.772858299999996)",118.5,0,43.773106,11.255056
457,19,1,"(11.255056, 43.773106)","(11.2564189, 43.771534100000004)",180.9,291.1,43.773106,11.255056
458,19,2,"(11.255056, 43.773106)","(11.250781, 43.7700828)",474.7,589.8,43.773106,11.255056
459,19,3,"(11.255056, 43.773106)","(11.2534118, 43.7769185)",644.3,345.4,43.773106,11.255056
460,19,4,"(11.255056, 43.773106)","(11.255579699999998, 43.763469)",933.4,814.7,43.773106,11.255056
461,19,5,"(11.255056, 43.773106)","(11.2553108, 43.7677856)",456.1,439.8,43.773106,11.255056
462,19,6,"(11.255056, 43.773106)","(11.255431699999999, 43.7708275)",178.4,98.2,43.773106,11.255056
463,19,7,"(11.255056, 43.773106)","(11.255705099999998, 43.772806)",118.5,0,43.773106,11.255056
464,19,8,"(11.255056, 43.773106)","(11.2531435, 43.767925)",474,469.7,43.773106,11.255056
465,19,9,"(11.255056, 43.773106)","(11.2541477, 43.7681911)",473,458.7,43.773106,11.255056
466,19,10,"(11.255056, 43.773106)","(11.250670199999998, 43.767161200000004)",673.2,657.5,43.773106,11.255056
467,19,11,"(11.255056, 43.773106)","(11.2554649, 43.7730912)",702.2,0,43.773106,11.255056
468,19,12,"(11.255056, 43.773106)","(11.24938, 43.77463)",526.5,522.4,43.773106,11.255056
469,19,13,"(11.255056, 43.773106)","(11.26282, 43.76298)",1180.9,712.7,43.773106,11.255056
470,19,14,"(11.255056, 43.773106)","(11.25433, 43.77003)",287.6,156.5,43.773106,11.255056
471,19,15,"(11.255056, 43.773106)","(11.255230000000001, 43.77313)",702.2,0,43.773106,11.255056
472,19,16,"(11.255056, 43.773106)","(11.25564, 43.76968)",374,130.7,43.773106,11.255056
473,19,17,"(11.255056, 43.773106)","(11.248335, 43.762288)",1272.8,931.2,43.773106,11.255056
474,19,18,"(11.255056, 43.773106)","(11.264966000000001, 43.762705)",1437.9,696.2,43.773106,11.255056
475,19,20,"(11.255056, 43.773106)","(11.256192, 43.769292)",356.4,294.2,43.773106,11.255056
476,19,21,"(11.255056, 43.773106)","(11.251878999999999, 43.777276)",593.7,376.1,43.773106,11.255056
477,19,22,"(11.255056, 43.773106)","(11.258814, 43.776761)",787.6,301.6,43.773106,11.255056
478,19,23,"(11.255056, 43.773106)","(11.264658, 43.77151)",646.9,327.7,43.773106,11.255056
479,19,-1,"(11.255056, 43.773106)","(11.247123, 43.772557)",640.4,753.5,43.773106,11.255056
480,20,0,"(11.256192, 43.769292)","(11.255693199999998, 43.772858299999996)",349.3,435.3,43.769292,11.256192
481,20,1,"(11.256192, 43.769292)","(11.2564189, 43.771534100000004)",236.4,418.2,43.769292,11.256192
482,20,2,"(11.256192, 43.769292)","(11.250781, 43.7700828)",353,629,43.769292,11.256192
483,20,3,"(11.256192, 43.769292)","(11.2534118, 43.7769185)",851.1,395.3,43.769292,11.256192
484,20,4,"(11.256192, 43.769292)","(11.255579699999998, 43.763469)",723.6,626.6,43.769292,11.256192
485,20,5,"(11.256192, 43.769292)","(11.2553108, 43.7677856)",136.4,145.6,43.769292,11.256192
486,20,6,"(11.256192, 43.769292)","(11.255431699999999, 43.7708275)",192.6,353.7,43.769292,11.256192
487,20,7,"(11.256192, 43.769292)","(11.255705099999998, 43.772806)",349.3,435.3,43.769292,11.256192
488,20,8,"(11.256192, 43.769292)","(11.2531435, 43.767925)",264.2,175.5,43.769292,11.256192
489,20,9,"(11.256192, 43.769292)","(11.2541477, 43.7681911)",213.7,164.5,43.769292,11.256192
490,20,10,"(11.256192, 43.769292)","(11.250670199999998, 43.767161200000004)",463.4,373.8,43.769292,11.256192
491,20,11,"(11.256192, 43.769292)","(11.2554649, 43.7730912)",830,435.3,43.769292,11.256192
492,20,12,"(11.256192, 43.769292)","(11.24938, 43.77463)",727.9,572.3,43.769292,11.256192
493,20,13,"(11.256192, 43.769292)","(11.26282, 43.76298)",856.3,524.6,43.769292,11.256192
494,20,14,"(11.256192, 43.769292)","(11.25433, 43.77003)",147.3,347.2,43.769292,11.256192
495,20,15,"(11.256192, 43.769292)","(11.255230000000001, 43.77313)",830,435.3,43.769292,11.256192
496,20,16,"(11.256192, 43.769292)","(11.25564, 43.76968)",17.6,328.6,43.769292,11.256192
497,20,17,"(11.256192, 43.769292)","(11.248335, 43.762288)",1063,741.8,43.769292,11.256192
498,20,18,"(11.256192, 43.769292)","(11.264966000000001, 43.762705)",1113.3,508.1,43.769292,11.256192
499,20,19,"(11.256192, 43.769292)","(11.255056, 43.773106)",356.4,435.3,43.769292,11.256192
500,20,21,"(11.256192, 43.769292)","(11.251878999999999, 43.777276)",800.5,426,43.769292,11.256192
501,20,22,"(11.256192, 43.769292)","(11.258814, 43.776761)",897.5,351.5,43.769292,11.256192
502,20,23,"(11.256192, 43.769292)","(11.264658, 43.77151)",640.3,242.3,43.769292,11.256192
503,20,-1,"(11.256192, 43.769292)","(11.247123, 43.772557)",738.7,683.5,43.769292,11.256192
504,21,0,"(11.251878999999999, 43.777276)","(11.255693199999998, 43.772858299999996)",586.6,465.4,43.777276,11.251878999999999
505,21,1,"(11.251878999999999, 43.777276)","(11.2564189, 43.771534100000004)",649,705.4,43.777276,11.251878999999999
506,21,2,"(11.251878999999999, 43.777276)","(11.250781, 43.7700828)",681.2,512.3,43.777276,11.251878999999999
507,21,3,"(11.251878999999999, 43.777276)","(11.2534118, 43.7769185)",116.7,722,43.777276,11.251878999999999
508,21,4,"(11.251878999999999, 43.777276)","(11.255579699999998, 43.763469)",1299,1160.6,43.777276,11.251878999999999
509,21,5,"(11.251878999999999, 43.777276)","(11.2553108, 43.7677856)",900.2,942.3,43.777276,11.251878999999999
510,21,6,"(11.251878999999999, 43.777276)","(11.255431699999999, 43.7708275)",642.8,519.9,43.777276,11.251878999999999
511,21,7,"(11.251878999999999, 43.777276)","(11.255705099999998, 43.772806)",586.6,465.4,43.777276,11.251878999999999
512,21,8,"(11.251878999999999, 43.777276)","(11.2531435, 43.767925)",839.6,972.2,43.777276,11.251878999999999
513,21,9,"(11.251878999999999, 43.777276)","(11.2541477, 43.7681911)",838.6,961.2,43.777276,11.251878999999999
514,21,10,"(11.251878999999999, 43.777276)","(11.250670199999998, 43.767161200000004)",942.4,580,43.777276,11.251878999999999
515,21,11,"(11.251878999999999, 43.777276)","(11.2554649, 43.7730912)",407.5,465.4,43.777276,11.251878999999999
516,21,12,"(11.251878999999999, 43.777276)","(11.24938, 43.77463)",280.3,146.3,43.777276,11.251878999999999
517,21,13,"(11.251878999999999, 43.777276)","(11.26282, 43.76298)",1625,1234.1,43.777276,11.251878999999999
518,21,14,"(11.251878999999999, 43.777276)","(11.25433, 43.77003)",653.2,578.2,43.777276,11.251878999999999
519,21,15,"(11.251878999999999, 43.777276)","(11.255230000000001, 43.77313)",407.5,465.4,43.777276,11.251878999999999
520,21,16,"(11.251878999999999, 43.777276)","(11.25564, 43.76968)",818.1,552.4,43.777276,11.251878999999999
521,21,17,"(11.251878999999999, 43.777276)","(11.248335, 43.762288)",1543.3,853.7,43.777276,11.251878999999999
522,21,18,"(11.251878999999999, 43.777276)","(11.264966000000001, 43.762705)",1882,1042.1,43.777276,11.251878999999999
523,21,19,"(11.251878999999999, 43.777276)","(11.255056, 43.773106)",593.7,465.4,43.777276,11.251878999999999
524,21,20,"(11.251878999999999, 43.777276)","(11.256192, 43.769292)",800.5,715.9,43.777276,11.251878999999999
525,21,22,"(11.251878999999999, 43.777276)","(11.258814, 43.776761)",477.6,629.4,43.777276,11.251878999999999
526,21,23,"(11.251878999999999, 43.777276)","(11.264658, 43.77151)",906.9,837.6,43.777276,11.251878999999999
527,21,-1,"(11.251878999999999, 43.777276)","(11.247123, 43.772557)",674.8,676,43.777276,11.251878999999999
528,22,0,"(11.258814, 43.776761)","(11.255693199999998, 43.772858299999996)",702.8,531.6,43.776761,11.258814
529,22,1,"(11.258814, 43.776761)","(11.2564189, 43.771534100000004)",717.5,434.8,43.776761,11.258814
530,22,2,"(11.258814, 43.776761)","(11.250781, 43.7700828)",962.2,876,43.776761,11.258814
531,22,3,"(11.258814, 43.776761)","(11.2534118, 43.7769185)",408.1,333,43.776761,11.258814
532,22,4,"(11.258814, 43.776761)","(11.255579699999998, 43.763469)",1580,770.2,43.776761,11.258814
533,22,5,"(11.258814, 43.776761)","(11.2553108, 43.7677856)",1033.9,551.9,43.776761,11.258814
534,22,6,"(11.258814, 43.776761)","(11.255431699999999, 43.7708275)",819.2,469.6,43.776761,11.258814
535,22,7,"(11.258814, 43.776761)","(11.255705099999998, 43.772806)",702.8,531.6,43.776761,11.258814
536,22,8,"(11.258814, 43.776761)","(11.2531435, 43.767925)",1120.6,581.8,43.776761,11.258814
537,22,9,"(11.258814, 43.776761)","(11.2541477, 43.7681911)",1109.9,570.8,43.776761,11.258814
538,22,10,"(11.258814, 43.776761)","(11.250670199999998, 43.767161200000004)",1223.4,780.1,43.776761,11.258814
539,22,11,"(11.258814, 43.776761)","(11.2554649, 43.7730912)",366.1,531.6,43.776761,11.258814
540,22,12,"(11.258814, 43.776761)","(11.24938, 43.77463)",669.8,510,43.776761,11.258814
541,22,13,"(11.258814, 43.776761)","(11.26282, 43.76298)",1585.2,668.2,43.776761,11.258814
542,22,14,"(11.258814, 43.776761)","(11.25433, 43.77003)",934.2,463.1,43.776761,11.258814
543,22,15,"(11.258814, 43.776761)","(11.255230000000001, 43.77313)",366.1,531.6,43.776761,11.258814
544,22,16,"(11.258814, 43.776761)","(11.25564, 43.76968)",879.9,444.5,43.776761,11.258814
545,22,17,"(11.258814, 43.776761)","(11.248335, 43.762288)",1824.3,1074.4,43.776761,11.258814
546,22,18,"(11.258814, 43.776761)","(11.264966000000001, 43.762705)",1842.2,651.7,43.776761,11.258814
547,22,19,"(11.258814, 43.776761)","(11.255056, 43.773106)",787.6,531.6,43.776761,11.258814
548,22,20,"(11.258814, 43.776761)","(11.256192, 43.769292)",897.5,398.7,43.776761,11.258814
549,22,21,"(11.258814, 43.776761)","(11.251878999999999, 43.777276)",477.6,363.7,43.776761,11.258814
550,22,23,"(11.258814, 43.776761)","(11.264658, 43.77151)",714,208.2,43.776761,11.258814
551,22,-1,"(11.258814, 43.776761)","(11.247123, 43.772557)",955.8,1039.7,43.776761,11.258814
552,23,0,"(11.264658, 43.77151)","(11.255693199999998, 43.772858299999996)",577,641,43.77151,11.264658
553,23,1,"(11.264658, 43.77151)","(11.2564189, 43.771534100000004)",477,544.2,43.77151,11.264658
554,23,2,"(11.264658, 43.77151)","(11.250781, 43.7700828)",890.3,888,43.77151,11.264658
555,23,3,"(11.264658, 43.77151)","(11.2534118, 43.7769185)",908.9,521.3,43.77151,11.264658
556,23,4,"(11.264658, 43.77151)","(11.255579699999998, 43.763469)",1096.4,622.9,43.77151,11.264658
557,23,5,"(11.264658, 43.77151)","(11.2553108, 43.7677856)",761.9,404.6,43.77151,11.264658
558,23,6,"(11.264658, 43.77151)","(11.255431699999999, 43.7708275)",568.1,540.8,43.77151,11.264658
559,23,7,"(11.264658, 43.77151)","(11.255705099999998, 43.772806)",577,641,43.77151,11.264658
560,23,8,"(11.264658, 43.77151)","(11.2531435, 43.767925)",877.5,434.5,43.77151,11.264658
561,23,9,"(11.264658, 43.77151)","(11.2541477, 43.7681911)",830.4,423.5,43.77151,11.264658
562,23,10,"(11.264658, 43.77151)","(11.250670199999998, 43.767161200000004)",1076.7,632.8,43.77151,11.264658
563,23,11,"(11.264658, 43.77151)","(11.2554649, 43.7730912)",693,641,43.77151,11.264658
564,23,12,"(11.264658, 43.77151)","(11.24938, 43.77463)",1004.5,698.3,43.77151,11.264658
565,23,13,"(11.264658, 43.77151)","(11.26282, 43.76298)",1074.3,520.9,43.77151,11.264658
566,23,14,"(11.264658, 43.77151)","(11.25433, 43.77003)",691.1,534.3,43.77151,11.264658
567,23,15,"(11.264658, 43.77151)","(11.255230000000001, 43.77313)",693,641,43.77151,11.264658
568,23,16,"(11.264658, 43.77151)","(11.25564, 43.76968)",622.7,515.7,43.77151,11.264658
569,23,17,"(11.264658, 43.77151)","(11.248335, 43.762288)",1676.3,927.1,43.77151,11.264658
570,23,18,"(11.264658, 43.77151)","(11.264966000000001, 43.762705)",1331.3,504.4,43.77151,11.264658
571,23,19,"(11.264658, 43.77151)","(11.255056, 43.773106)",646.9,641,43.77151,11.264658
572,23,20,"(11.264658, 43.77151)","(11.256192, 43.769292)",640.3,469.9,43.77151,11.264658
573,23,21,"(11.264658, 43.77151)","(11.251878999999999, 43.777276)",906.9,552,43.77151,11.264658
574,23,22,"(11.264658, 43.77151)","(11.258814, 43.776761)",714,477.5,43.77151,11.264658
575,23,-1,"(11.264658, 43.77151)","(11.247123, 43.772557)",1077.6,942.5,43.77151,11.264658
576,-1,0,"(11.247123, 43.772557)","(11.255693199999998, 43.772858299999996)",633.3,533.5,43.772557,11.247123
577,-1,1,"(11.247123, 43.772557)","(11.2564189, 43.771534100000004)",600.6,773.5,43.772557,11.247123
578,-1,2,"(11.247123, 43.772557)","(11.250781, 43.7700828)",414.2,382.7,43.772557,11.247123
579,-1,3,"(11.247123, 43.772557)","(11.2534118, 43.7769185)",725.4,904.4,43.772557,11.247123
580,-1,4,"(11.247123, 43.772557)","(11.255579699999998, 43.763469)",1085.8,1291.6,43.772557,11.247123
581,-1,5,"(11.247123, 43.772557)","(11.2553108, 43.7677856)",699.3,1124.7,43.772557,11.247123
582,-1,6,"(11.247123, 43.772557)","(11.255431699999999, 43.7708275)",591.6,588,43.772557,11.247123
583,-1,7,"(11.247123, 43.772557)","(11.255705099999998, 43.772806)",633.3,533.5,43.772557,11.247123
584,-1,8,"(11.247123, 43.772557)","(11.2531435, 43.767925)",626.4,1154.6,43.772557,11.247123
585,-1,9,"(11.247123, 43.772557)","(11.2541477, 43.7681911)",625.4,1143.6,43.772557,11.247123
586,-1,10,"(11.247123, 43.772557)","(11.250670199999998, 43.767161200000004)",611,450.4,43.772557,11.247123
587,-1,11,"(11.247123, 43.772557)","(11.2554649, 43.7730912)",783.3,533.5,43.772557,11.247123
588,-1,12,"(11.247123, 43.772557)","(11.24938, 43.77463)",466,604,43.772557,11.247123
589,-1,13,"(11.247123, 43.772557)","(11.26282, 43.76298)",1427.7,1104.5,43.772557,11.247123
590,-1,14,"(11.247123, 43.772557)","(11.25433, 43.77003)",595.9,646.3,43.772557,11.247123
591,-1,15,"(11.247123, 43.772557)","(11.255230000000001, 43.77313)",783.3,533.5,43.772557,11.247123
592,-1,16,"(11.247123, 43.772557)","(11.25564, 43.76968)",756.3,620.5,43.772557,11.247123
593,-1,17,"(11.247123, 43.772557)","(11.248335, 43.762288)",1126,724.1,43.772557,11.247123
594,-1,18,"(11.247123, 43.772557)","(11.264966000000001, 43.762705)",1684.7,1051.6,43.772557,11.247123
595,-1,19,"(11.247123, 43.772557)","(11.255056, 43.773106)",640.4,533.5,43.772557,11.247123
596,-1,20,"(11.247123, 43.772557)","(11.256192, 43.769292)",738.7,784,43.772557,11.247123
597,-1,21,"(11.247123, 43.772557)","(11.251878999999999, 43.777276)",674.8,583.2,43.772557,11.247123
598,-1,22,"(11.247123, 43.772557)","(11.258814, 43.776761)",955.8,863,43.772557,11.247123
599,-1,23,"(11.247123, 43.772557)","(11.264658, 43.77151)",1077.6,817.5,43.772557,11.247123
